source_id,source_name,lat,lon,total_co2_emissions_2024
3900,North Karanpura power station,23.8508,85.0124,5560200.0
447424,VIJJESWARAN-I,16.9335,81.7243,231310.0
447517,BOKARO,23.7829,85.8834,3161400.0
447604,SOUTHERN (CESC),22.5496,88.2915,414086.0
447750,DABHOL,17.5597,73.1664,1744800.0
447756,Durgapur DVC power station,23.5315,87.2499,0.0
447760,INDRAPRASTHA DESU,28.6196,77.2504,225820.0
448111,BHANDER POWER,21.1144,72.6562,401050.0
448179,GACL Dahej Caustic Captive power plant,21.7097,72.6904,164840.0
448180,DHUVARAN,22.2396,72.752,580430.0
448185,UTRAN,21.2285,72.8705,291680.0
448187,BARODA GIPCL,22.3767,73.1013,255180.0
448190,PAGUTHAN,21.78,72.979,368860.0
448195,HPL COGEN,22.0665,88.1029,97412.0
448221,VISAKH (VIZAG) REF,17.7024,83.2326,176760.0
448294,PANIPAT REFINERY,29.4673,76.8754,154300.0
448357,JSW Vijayanagar Toranagallu power station,15.1839,76.6622,1333240.0
448503,GUJARAT CEMENT WORKS,20.8366,70.6917,770680.0
448529,MP Amarkantak power station,23.1621,81.6328,1452718.5
448530,KORBA EAST,22.3834,82.7195,0.0
448540,KHAPERKHEDA,21.2818,79.116,8257000.0
448543,PARAS,20.7147,76.7948,2988100.0
448545,URAN,18.8816,72.9697,540500.0
448553,MANGALORE REFINERY,12.9839,74.8442,98741.0
448606,RAIPUR SPONGE IRON,21.9878,83.2313,300550.0
448672,ANTA,25.1797,76.3188,333110.0
448673,AURAIYA,26.6282,79.5286,546300.0
448675,JHANOR-GANDHAR,21.8242,73.1136,493800.0
448677,KAWAS,21.175,72.6879,411340.0
448679,DADRI,28.603,77.6078,8193500.0
448682,Rihand power station,24.027,82.7915,21731000.0
448749,AGARTALA,23.8698,91.3602,256170.0
448750,KATHALGURI,27.341,95.4064,244620.0
448962,RAMGARH RAJASTHAN,27.3359,70.5375,52186.0
449154,SANGHIPURAM CEMENT,23.4017,68.5708,381490.0
449456,TROMBAY,19.0027,72.8979,2997200.0
449457,JAMSHEDPUR WORKS,22.7874,86.2001,965800.0
449613,ANKALESHWAR CAUSTIC PLANT,21.6387,73.183,49848.0
449620,HARDUAGANJ,28.0175,78.13,5483300.0
449787,DHOLPUR,26.7018,77.8479,271390.0
449800,KOCHI-KERALA,10.0745,76.3191,157200.0
449808,KONDAPALLI,16.64,80.5504,1177680.0
449831,Bokaro Steel City Thermal Power Station,23.6859,86.0929,2160700.0
449922,FARIDABAD NTPC,28.3465,77.359,353100.0
449995,Vizag Steel Plant power station,17.6065,83.1967,1884900.0
450003,GURU GOBIND SINGH RF,29.9265,74.9609,55588.0
450035,CHANDERIA SMELTER,24.9632,74.6685,1327080.0
450038,PIPAVAV GSPC,20.8986,71.4693,559080.0
450121,Raigarh Jindal power station,21.925,83.3454,1599100.0
450166,HAZIRA GSEG,21.1652,72.6613,410310.0
450168,LALKUA MILL,29.0665,79.5189,482030.0
450172,KAGITHAPURAM MILL,11.0529,77.9958,569920.0
450186,VALUTHUR,9.3484,78.9235,156990.0
450196,THIRUMAKOTAI,10.5415,79.4507,87299.0
450199,PRAGATI,28.6146,77.2528,263290.0
450200,SAMALKOT,17.0387,82.1379,177380.0
450255,BHIGWAN MILL,18.2422,74.7526,212660.0
450256,SHIROL MILL,16.7491,74.5849,201.98
450334,KARUPPUR,11.1208,79.529,91029.0
450409,MONARCHAK,23.438,91.274,81288.0
450458,Palamau Plant power station,24.229,83.8858,340240.0
450511,EAST GODAVARI MILL,17.0299,81.7725,289200.0
450602,DUBURI STEEL PLANT,20.9602,86.0503,1429700.0
450633,ARKAY VALANTHARVI,9.3279,78.9215,383950.0
450634,KONASEEMA,16.7346,81.8622,353310.0
450635,KUTTALAM,11.0343,79.5852,75909.0
450638,AMBUJANAGAR CEMENT,20.8355,70.6955,520470.0
450656,PRAKASH CHAMPA,21.9962,82.6701,299360.0
450686,PRAGATI-III,28.7962,77.0709,1233490.0
450724,PALATANA,23.4987,91.4385,586410.0
450746,SAI REGENCY,9.3656,78.8951,104591.0
450926,MIHAN Power Project,21.0377,78.9334,0.0
450997,PANIPAT CRACKER,29.4556,76.858,188840.0
450999,GODAWARI SILTARA,21.375,81.6814,237890.0
451041,Zawar Mines power station,24.3499,73.7482,455700.0
451166,Kota Complex power station,25.1286,75.8835,712110.0
451202,Salem Siscol power station,11.814,77.9191,179620.0
451247,RITHALA POWER,28.7327,77.1016,116142.0
451549,Aditya Aluminium power station,21.7401,84.0606,5111900.0
451611,RAIPUR JAIN,21.3119,81.6131,368600.0
451613,Siltara SKS power station,21.3914,81.6464,348150.0
451683,VIJAYPUR COMPLEX,16.4995,75.8346,11331800.0
451704,BALLARPUR BILT POWER,19.8605,79.3394,382790.0
451743,VADINAR POWER,22.3243,69.7377,1977900.0
451815,KASHIPUR GAMA,29.1417,78.9635,175480.0
451816,MARUTI MANESAR,28.3669,76.8952,126364.0
451850,NAGAI POWER,10.8241,79.7538,850630.0
451873,KASHIPUR SRAVANTHI,29.1547,78.974,370050.0
451937,RAIPUR NECO,21.344,81.6726,334580.0
451940,Rawan Cement power station,24.7649,74.6096,174180.0
452077,DAHEJ OPAL,21.6934,72.6243,180300.0
452142,BCPL Captive power plant,27.371,94.8808,82776.0
452210,Katghora power station,22.4872,82.6266,0.0
452253,MANIKGARH CEMENT,19.7212,79.1746,425310.0
452311,Balaji Cement power station,16.8705,80.022,204540.0
452316,JSW Tarapur power station,19.7945,72.7405,212660.0
452394,Vizag Simhadri power station,17.6369,83.1931,293020.0
452536,Lakwa Replacement power station,26.9852,94.9298,105096.0
452613,LOKMANGAL SUGAR ETHANOL,17.4474,75.7161,0.0
452715,YELAHANKA GAS,13.1176,77.5819,296170.0
452812,HAZIRA RELIANCE,21.1592,72.6871,2435800.0
452896,Matix Fertilisers Captive power plant,23.4448,87.4915,67560.0
453065,GACL-NALCO Dahej Caustic captive power station,21.7102,72.6904,738210.0
453066,BHUSHAN RENGALI,21.7705,84.019,2982200.0
714506,Chandrapura power station,23.7413,86.1202,3381400.0
714936,BHATAPARA CEMENT PLANT,21.67,82.0834,358610.0
715033,RAJIV GANDHI CCPP,9.2405,76.4287,376410.0
715312,PARLI,18.9076,76.543,3674800.0
715475,Neyveli Thermal Power Station I,11.5925,79.4739,6503400.0
717596,Butibori Power Project,20.9286,78.9333,0.0
718165,Newari power station,22.9588,78.7323,484490.0
718231,Simhapuri Thamminapatnam power station,14.2046,80.0866,3149280.0
718368,Adani Raigarh Thermal Power Plant,21.7438,83.2741,2971700.0
718583,Salora power station,22.49,82.6062,0.0
718730,JSW Ispat Raigarh power station,21.9864,83.2303,856300.0
719930,Gola power station,23.4836,85.6575,357270.0
719939,GODAVARI GAS POWER,17.0587,82.3097,172820.0
1753085,NTPC Seoni power station,22.7355,79.9123,3402400.0
4401974,DHAMPUR SUGAR MILL,29.2895,78.5156,0.0
4402647,Brahmapuram Diesel power station,9.9974,76.3732,22740.0
4404100,Jawaharpur Thermal Project,27.4966,78.8236,5110100.0
4404338,GMR Energy Limited Combined Cycle power plant,16.9501,82.2702,0.0
4404431,ASMOLI SUGAR MILL,28.706,78.5446,0.0
4404521,SAKTHI MILL,9.8257,78.3645,0.0
4404869,PRAVARA NAGAR MILL,19.5713,74.5016,0.0
4405122,Daurala Sugar Works power station,29.1217,77.7029,2356.4
4405666,Paradip Refinery Captive power station,20.2563,86.5918,551070.0
4406307,Gularia Mill power station,28.2311,80.6334,0.0
4406831,Warana Sugar power station,16.8622,74.1984,0.0
4406836,Panchganga power station,16.7668,74.1356,0.0
4407211,DCM HARIAWAN SUGAR,27.5305,80.1542,0.0
4407212,Shri Sai Priya Sugars power station,16.5741,75.2085,0.0
4407215,Aland Sugar power station,17.4622,76.5651,0.0
4407217,Jay Mahesh power station,19.147,76.2689,0.0
4407441,Seksaria Biswan power station,27.484,80.996,0.0
4409256,ARS Metals Gummidipoondi captive power station,13.4239,80.0661,340240.0
4409503,Mellacheruvu Cement power station,16.8097,79.9151,340240.0
25450209,Kothagudem Thermal Power Station,17.6219,80.6936,10786900.0
25450210,Nellore power station,14.4906,79.9869,170150.0
25450212,Rayalaseema Thermal Power Project,14.704,78.4577,8842000.0
25450213,Dr. Narla Tata Rao Thermal power station,16.5952,80.5393,12516300.0
25450239,LAKWA ASEB,26.9853,94.9313,76292.0
25450240,NAMRUP,27.1858,95.376,121955.0
25450276,Barsingsar Thermal Power Project,27.845,73.1994,1670620.0
25450302,ROKHIA,23.626,91.1948,106903.0
25450303,MUMBAI BPCL,19.016,72.8948,57787.0
25450304,Bhilai Steel power station,21.184,81.4237,3272100.0
25450307,Barauni power station,25.3914,86.0235,3515500.0
25450309,Muzaffarpur power station,26.1948,85.3033,2211700.0
25450310,Bina Thermal Power Project,24.3172,78.1336,3089000.0
25450311,BINANI CEMENT PLANT,24.8263,73.0901,396720.0
25450312,Dahanu power station,19.9535,72.7487,2963900.0
25450349,Guru Hargobind Lehra Mohabbat Power Station,30.2666,75.1661,4584700.0
25450401,Budge Budge Generating Station,22.4703,88.1399,5054700.0
25450403,Titagarh power station,22.732,88.3703,0.0
25450474,Neyveli Zero power station,11.5401,79.4159,1603420.0
25450481,KOCHI REFINERY,9.9722,76.378,178900.0
25450558,Mejia power station,23.4639,87.1311,15102000.0
25450637,Deenbandhu Chhotu Ram Thermal Power Plant,30.1075,77.3268,3299773.0
25450915,HAZIRA EPOL,21.1104,72.6545,413400.0
25450972,NAGDA WORKS,23.4472,75.4073,600260.0
25450983,Gandhinagar Thermal Power Station,23.2497,72.6739,2627500.0
25450984,Kutch GSECL power station,23.6639,68.7841,364870.0
25450985,Sikka Thermal Power Station,22.4208,69.8276,772790.0
25450986,Ukai Thermal Power Station,21.2093,73.5574,5238900.0
25450988,Wanakbori Thermal Power Station,22.8776,73.3605,10316700.0
25450990,Surat Lignite Power Plant,21.3973,73.107,2994100.0
25450991,Akrimota Power Project,23.7725,68.6456,160050.0
25451003,Panipat power station,29.3975,76.8763,4221200.0
25451021,Vizag Thermal Power Plant,17.5636,83.1389,3919700.0
25451077,IFFCO AONLA WORKS,28.2289,79.2483,187740.0
25451093,NAGOTHANE COMPLEX,18.5576,73.1126,22132.0
25451094,Choudwar power station,20.5348,85.9079,1463100.0
25451096,BUTIBORI PLANT,20.9245,78.9506,251530.0
25451113,P.Nallur Combined Cycle power plant,11.0749,79.834,355970.0
25451149,Jojobera Power Plant,22.7554,86.2491,1597260.0
25451150,Tuticorin NTPL power station,8.7604,78.1711,4414000.0
25451151,JAYPEE REWA CEMENT,24.5637,81.1701,318970.0
25451159,MUMBAI JINDAL,18.5309,72.9465,8482.8
25451167,JAYPEE BELA CEMENT,24.5286,81.1698,364320.0
25451195,Raichur Thermal Power Station,16.3532,77.3422,7941800.0
25451210,VASAVADATTA CEMENT,17.1643,77.2942,440620.0
25451334,Hasdeo Thermal Power Station,22.4125,82.6822,7982700.0
25451335,Sanjay Gandhi power station,23.3057,81.0648,7436900.0
25451336,Satpura Thermal Power Station,22.1081,78.1771,3578100.0
25451337,MANALI REFINERY,13.1679,80.2825,100442.0
25451341,Bhusawal Thermal Power Station,21.0498,75.8477,6484100.0
25451342,Chandrapur Thermal Power Station,20.0063,79.29,14863700.0
25451344,Koradi Thermal Power Station,21.2421,79.095,13146800.0
25451345,Nasik MAHAGENCO Thermal Power Station,19.9815,73.8921,2602200.0
25451354,Udupi power station,13.1596,74.8002,5444200.0
25451445,Angul Smelter power station,20.849,85.1902,6805000.0
25451451,VIJAIPUR WORKS,24.4978,77.1513,113455.0
25451477,Farakka power station,24.7727,87.8937,12976800.0
25451479,Kahalgaon Super Thermal Power Plant,25.2369,87.2656,15676000.0
25451481,Korba Super Thermal Power Station (NTPC),22.3881,82.6858,18883000.0
25451483,Ramagundam power station,18.7565,79.4601,14648000.0
25451484,BALCO Korba power station,22.3951,82.6769,1531000.0
25451486,Singrauli Super Thermal Power Station,24.1042,82.7064,14707000.0
25451487,Talcher power station,20.9111,85.2072,0.0
25451488,Feroze Gandhi Unchahar Power Station,25.914,81.3239,8638700.0
25451489,Vindhyachal power station,24.0983,82.6719,34412000.0
25451490,THANE PLANT,19.0875,73.0258,7573.9
25451500,Paloncha power station,17.5735,80.6649,1383500.0
25451601,MUMBAI ONGC,18.9988,72.8997,80661.0
25451602,URAN ONGC,18.8681,72.9293,67324.0
25451620,Ib Valley Thermal Power Station,21.6898,83.8602,11804200.0
25451756,Ropar power station,31.0418,76.5845,4236000.0
25451762,Kota power station,25.171,75.817,8236300.0
25451764,Suratgarh Super Thermal Power Station,29.1754,74.0199,7260600.0
25451890,PATALGANGA,18.8834,73.1814,70981.0
25451914,Renusagar power station,24.1811,82.7913,4115400.0
25452060,PUNE MILL,18.2417,74.7531,170150.0
25452143,SEPC Tuticorin power station,8.7553,78.158,2977200.0
25452245,BASIN BRIDGE,13.0985,80.2697,186700.0
25452246,Mettur Thermal Power Station,11.7692,77.8102,7725300.0
25452247,North Chennai Thermal Power Station,13.253,80.3278,8920300.0
25452248,Tuticorin Thermal Power Station,8.7625,78.176,5984700.0
25452419,Anpara power station,24.2031,82.7883,24685000.0
25452421,Obra Thermal Power Station,24.4446,82.9803,4798500.0
25452422,Parichha power station,25.5136,78.7579,4925500.0
25452423,Tanda power station,26.5892,82.6004,9736300.0
25452485,Bakreswar Thermal Power Station,23.8292,87.451,8007500.0
25452486,Bandel Thermal Power Station,22.9957,88.4038,1890560.0
25452487,Durgapur Projects Limited power station,23.5211,87.3023,3367200.0
25452488,Kolaghat Thermal Power Station,22.4166,87.871,5345300.0
25452489,Santaldih Thermal Power Station,23.6013,86.4666,3709400.0
25452613,Maithon Right Bank Thermal Power Station,23.8209,86.76,7042100.0
25452614,Goindwal Sahib Thermal Power Plant,31.3841,75.1465,2992300.0
25452634,BHILAI WORKS,21.1789,81.3952,504710.0
25452657,Wardha Works power station,20.7093,78.6282,453660.0
25452658,Paradip Oswal power station,20.3124,86.6596,311910.0
25452724,Simhadri power station,17.591,83.0917,11381300.0
25452726,DUGGAVATHI MILL,14.6284,75.8448,0.0
25452747,Tenughat power station,23.7277,85.7652,2220790.0
25452760,JAMNAGAR COMPLEX,22.3452,69.8596,708250.0
25452761,GUJARAT REFINERY,22.3704,73.12,281060.0
25452762,GADEPAN WORKS,25.1521,76.182,53236.0
25452763,GANDHAR PETROCHEM,21.6825,72.5746,140360.0
25452773,Rosa Thermal Power Plant,27.8194,79.9372,7052100.0
25452818,ACC WADI CEMENT,17.0552,76.9775,425310.0
25452819,ACC KYMORE CEMENT,24.0529,80.6144,283560.0
25452830,METTUR MALCO,11.8127,77.8273,567080.0
25452831,DOLVI ISPAT,18.6858,73.0437,108671.0
25452912,KARAIKAL,10.9325,79.8216,27665.0
25452937,Sipat power station,22.1317,82.2904,21621000.0
25452938,Barh I power station,25.4865,85.7452,14969000.0
25452955,HWP Manuguru power station,17.8783,80.8486,510390.0
25452956,BHADRAVATI MILL,13.8274,75.7131,232490.0
25452974,KRIBHCO HAZIRA,21.1663,72.7052,247570.0
25452975,Hirakud Smelter power station,21.5297,83.9046,2084100.0
25452978,BELGAUM UGAR,16.6505,74.8209,538.6
25452986,RCF THAL,18.6994,72.8732,105397.0
25452995,JAYKAYPURAM PLANT,24.6963,73.0017,310020.0
25453039,KOLLEGAL SUGAR,12.1056,76.7606,0.0
25453040,BARAMURA,23.807,91.565,63238.0
25453047,Tamnar power station,22.0987,83.4513,24249000.0
25453071,DIGHE WORKS,19.1896,73.004,7405.4
25453072,DNYANESHWAR MILL,19.4496,75.0382,0.0
25453073,RCF TROMBAY WORKS,19.0366,72.8892,84748.0
25453084,Sagardighi Thermal Power Station,24.3688,88.104,12384500.0
25453108,HAPURI MILL,16.6038,74.4045,0.0
25453109,SANGLI VASANTDADA,16.881,74.5898,0.0
25453120,Bellary Thermal Power Station,15.1932,76.7195,7765200.0
25453274,Durgapur Steel City Andal power station,23.58,87.2043,6305900.0
25453275,Koderma Thermal Power Station,24.3915,85.5619,6997900.0
25453301,AWARPUR CEMENT PLANT,19.7881,79.1518,264980.0
25453302,ADITYA CEMENT WORKS,24.7663,74.609,562950.0
25453303,ACC CHANDA CEMENT,19.9213,79.1133,226840.0
25453304,BHANDARA STEEL MILL,21.232,79.6311,85063.0
25453305,DANDELI MILL,15.253,74.6297,2356.4
25453306,KUNDARGI MILL,16.2651,75.5302,0.0
25453307,ADITYAPUR WORKS,22.8034,86.0913,572770.0
25453309,Giral power station,26.0457,71.2541,0.0
25453310,DURG SPONGE IRON,21.1878,81.2099,4046.9
25453313,MARATHA CEMENT PLANT,19.703,79.2206,255180.0
25453315,SAMEERWADI MILL,16.3918,75.0411,0.0
25453317,SATNA CEMENT PLANT,24.5977,80.8568,285150.0
25453332,ULTRATECH RAJASHREE CEMENT,17.1427,77.1749,391840.0
25453333,MAHUL REFINERY,19.0162,72.8963,6676.3
25453335,Sugen Combined Cycle power plant,21.3404,72.989,1576210.0
25453336,DGEN Mega Combined Cycle power plant,21.7057,72.6127,1290720.0
25453344,GRASIM NAGDA,23.4469,75.408,462190.0
25453370,MANDIDEEP GRAPHITE,23.0985,77.5299,255180.0
25453405,Lanco Amarkantak Thermal Power Project,22.2454,82.7246,3904900.0
25453433,Kakatiya Thermal Power Project,18.3832,79.8272,6123300.0
25453453,Mundra Thermal Power Project (Adani),22.8235,69.5535,26197000.0
25453517,Nabinagar Thermal Power Project,24.7051,84.0887,5670800.0
25453526,MAIHAR CEMENT PLANT,24.2021,80.7997,178060.0
25453527,CHANDRAPUR MANIKGHAR,19.7218,79.1757,56708.0
25453565,Shree Singaji Thermal Power Project,22.0991,76.5317,14191100.0
25453568,DAVANGERE MILL,14.3277,75.8808,0.0
25453572,SONAI MILL,19.3804,74.8397,0.0
25453582,Mahan Super Thermal Power Project,24.0087,82.417,7193500.0
25453594,Chhabra Thermal Power Station,24.6274,77.0376,11939700.0
25453600,HIRIYUR BIOMASS,13.9808,76.6279,0.0
25453630,Arasmeta Cement Plant power station,21.9622,82.3543,487690.0
25453636,Bongaigaon power station,26.4444,90.3672,4498200.0
25453645,BHANDARA VARAM,21.0813,79.7708,0.0
25453657,Sitapuram Cement power station,16.8301,80.0408,243840.0
25453665,MORDI PLANT,23.5496,74.4072,260880.0
25453681,Jharsuguda Sterlite power station,21.8157,84.042,12125900.0
25453691,Sasan Ultra Mega Power Project,23.9775,82.6265,30341000.0
25453692,Tata Mundra Ultra Mega Power Project,22.8158,69.5281,21164840.0
25453698,HALDIA POWER,22.0542,88.1219,37939.0
25453709,Sri Damodaram Sanjeevaiah Thermal Power Station,14.3276,80.1221,10396600.0
25453753,Ratnagiri Power Plant,17.2964,73.2131,1912740.0
25453754,Rajiv Gandhi Thermal Power Project,29.347,75.8575,5009100.0
25453772,Haldia Energy power station,22.1059,88.1773,4366100.0
25453799,Talcher Kaniha Super Thermal Power Station,21.0971,85.075,20401000.0
25453817,Kamalanga power station,20.8706,85.267,7265200.0
25453829,BINA REFINERY,24.2548,78.1535,31302.0
25453853,JSW Barmer Jalipa Kapurdi power station,25.8949,71.3256,6510400.0
25453858,Indira Gandhi Super Thermal Power Project,28.4851,76.3732,8303800.0
25453860,VS Lignite Plant,27.8567,72.8577,765560.0
25453861,SVPL power station,22.292,82.5254,357270.0
25453902,Rajpura Thermal Power Project,30.559,76.5776,9752100.0
25453903,Talwandi Sabo Power Project,29.9246,75.2389,10159100.0
25453915,Kharagprasad power station,20.8094,85.2886,533060.0
25453916,Meramandali power station,20.8064,85.2536,1701500.0
25453947,Mauda power station,21.1807,79.3965,13545600.0
25453948,Vallur Thermal Power Plant,13.2371,80.3018,6547100.0
25453949,Raghunathpur Thermal Power Station,23.6219,86.6607,5817600.0
25453958,KSK Mahanadi Power Project,21.9603,82.4091,9767800.0
25453973,DCM BHARUCH,21.6565,73.1366,643220.0
25454007,Nabinagar Super Thermal Power Project,24.776,84.158,12852500.0
25454017,Salaya power plant,22.3049,69.7101,4885000.0
25454020,Randia power station,21.0673,86.4548,567080.0
25454021,Kalisindh Thermal Power Station,24.5325,76.1004,6826800.0
25454022,Meja Thermal Power Project,25.1459,81.9401,8544300.0
25454050,Tiroda Thermal Power Project,21.4125,79.9673,18715000.0
25454051,Bhadreshwar power station (OPG),22.8962,69.8963,1701500.0
25454052,Lanjigarh Refinery power station,19.7111,83.4013,510390.0
25454115,Bara Thermal Power Project,25.1963,81.6585,11979300.0
25454124,Wardha Warora Power Plant,20.2724,78.9789,3672500.0
25454134,Rajpura Dariba Mine power station,24.967,74.1214,907310.0
25454147,ACC LAKHERI CEMENT,25.6732,76.1901,141780.0
25454148,Mutiara Coastal Energen Thermal Power Plant,8.9127,78.145,5414000.0
25454157,Chennai power station,13.4374,80.0979,2347700.0
25454160,Amravati Thermal Power Project,21.0803,77.9012,7655600.0
25454183,Bhubaneshwar Jasper power station,20.4784,85.7476,765560.0
25454185,GMR Warora Energy power station,20.2797,78.9754,4036200.0
25454186,Solapur power station,17.5513,75.9832,7485500.0
25454202,Mahatma Gandhi power station,28.4881,76.3525,7369600.0
25454215,Jaypee Nigrie Super Thermal Power Project,24.15,81.9045,8631500.0
25454216,Cuddalore IL&FS power station,11.5216,79.7518,7199700.0
25454248,MURBAD PLANT,19.261,73.3638,85063.0
25454251,Vadlur power station,16.3016,77.3615,198490.0
25454253,TADALI SPONGE IRON,20.0123,79.1863,88224.0
25454254,Marwa power station,22.0708,82.6022,6751300.0
25454264,Pegadapalli (Jaipur Mandal) power station,18.8271,79.5703,6805000.0
25454267,Kawai Thermal Power Project,24.778,76.7371,7485500.0
25454271,Raikheda power station,21.4499,81.8525,7049100.0
25454272,KOPPA SUGAR,12.702,76.9787,0.0
25454273,NAGPUR MILL,20.8062,79.0548,0.0
25454274,BAGALKOT ICP,16.2804,75.225,0.0
25454275,NAGPUR GMT,21.0582,79.485,0.0
25454276,ASHOKNAGAR MILL,19.5867,74.7061,0.0
25454277,HINGOLI MILL,19.2829,77.1384,0.0
25454278,KARAD MILL,17.1657,74.2459,0.0
25454279,BILIYAKALAN PLANT,25.2267,74.6216,0.0
25454280,RAMANAGARAM MILL,12.7145,77.4524,0.0
25454281,SANGLI KRANTI,17.1354,74.4272,0.0
25454286,Uchpinda power station,21.8864,83.1208,7037200.0
25454344,Bela power station,20.8098,79.0551,1755290.0
25454351,Yermarus power station,16.2953,77.3561,5105400.0
25454355,Mahan Aluminium power station,24.2226,82.4544,5103900.0
25454356,Mettur Siscol power station,11.814,77.9191,340240.0
25454357,Gummidipoondi Kamachi power station,13.424,80.0875,396950.0
25454358,BELLARY HOTHUR,15.1831,76.7909,3161.5
25454364,BALCO Korba power station,22.399,82.74,9867300.0
25454369,Lara Integrated Thermal Power Project,21.7577,83.4575,11755800.0
25454372,Angul power station,21.127,84.9806,8103500.0
25454373,Mahadev Prasad Super Thermal Power Plant,22.8365,86.0613,3584000.0
25454374,Nasik RattanIndia Thermal Power Project,19.8667,74.0817,0.0
25454383,Ghugus power station,19.9295,79.1332,0.0
25454391,Lalitpur power project,24.7958,78.6469,11866200.0
25454414,Khopoli Works power station,18.7709,73.2592,340240.0
25454416,Danapuram BMM power station,15.1709,76.3776,1332710.0
25454430,Dhariwal power station,20.0106,79.2034,4390700.0
25454431,Jharsuguda Ind-Barath power station,21.6579,83.9195,1984900.0
25454434,Utkal Smelter power station,19.195,83.0299,510390.0
25454441,Maqsoodpur power station,28.2445,79.9974,510390.0
25454442,Kundarki Ipp power station,27.0788,82.0836,329781.0
25454443,Utraula power station,27.3454,82.3165,352103.0
25454469,Angul Steel power station,20.8925,84.9904,4593500.0
25454473,Kasaipalli power station,22.389,82.5549,1086990.0
25454474,Durgapur SAIL power station,23.5518,87.2485,471600.0
25454475,Rourkela Works-2 power station,22.221,84.8806,2098200.0
25454489,SHREE RAS CEMENT,26.263,74.1878,782580.0
25454492,CHANDERIA CEMENT WORKS,24.9293,74.6367,235340.0
25454493,JK CEMENT MUDHOL,16.2017,75.3005,326080.0
25454499,BANSWARA CEMENT,23.6026,74.2562,113415.0
25454503,Jharsuguda CPP power station,21.788,84.054,6890300.0
25454507,Baradarha power station,21.9114,83.1889,8295300.0
25454511,RABRIYAWAS CEMENT,26.2984,74.1234,109304.0
25454512,JK CEMENT NIMBAHERA,24.6428,74.6843,124320.0
25454513,JK CEMENT MANGROL,24.6929,74.689,144920.0
25454514,MANGLAM CEMENT,24.7176,75.9522,141780.0
25454517,NAGPUR SPONGE IRON,20.9276,79.2455,567080.0
25454518,Meenakshi Energy Thermal Power Project,14.2112,80.0901,153377.23
25454539,LMEL GHUGUS,19.9306,79.12,9484.9
25454548,Chakabura power station,22.3937,82.5532,170150.0
25454549,Ratija Power Project,22.34,82.4928,563850.0
25454553,Gadarwara Super Thermal Power Project,22.8618,78.8661,8513200.0
25454554,Khargone power station,22.0652,75.8519,7485500.0
25454564,Bander power station,14.3293,80.1406,7485500.0
25454586,BELLAD-BAGEWADI,16.2774,74.7111,336.62
25454591,Bhavnagar power station,21.5832,72.2222,1725160.0
25454620,Makavarapalem Smelter power station,17.5937,82.7436,510390.0
25454621,NARASINGPUR BIOMASS,22.9649,78.8132,0.0
25454656,Anuppur Thermal Power Project,23.0664,81.7901,7660300.0
25454670,Muthukur Mandal power station (Painampuram),14.3518,80.1451,7985000.0
25454677,Bhandhakhar power station,22.341,82.4306,1872080.0
25454678,Darlipali power station,21.9636,83.8919,11335300.0
25454706,Raigarh Ind Power power station,21.8718,83.4973,368600.0
25454707,BELLARY JANKI,15.1777,77.1036,102075.0
25454712,VIKRAM CEMENT,24.5753,74.8012,260880.0
25454737,KASRAWAD FACTORY,22.1335,75.4568,59401.0
25454744,Asansol Crescent power station,23.7844,87.0469,226840.0
25454758,KOPPAL HKMP,15.316,76.2507,68050.0
25454771,Gummidipoondi Suryadev power station,13.3848,80.1074,907310.0
25454772,LODHIVALI,18.9002,73.2032,13464.1
25454800,Raigarh TRN Power Project,22.131,83.2639,3469900.0
25454802,JSW STEEL SALAV,18.5304,72.9204,28213.0
25454824,Nardana Vaghode power station,21.151,74.8542,1701500.0
25454849,ARVINDNAGAR SUGAR,18.0845,76.1851,0.0
25454882,KOHINOOR KUCHIDIH,23.0187,85.9438,382790.0
25454883,Vilayat Caustic power station,21.7778,72.9025,340240.0
25454888,Visakhapatnam Sarda power station,17.9415,83.2232,476330.0
25454912,Hazira power station (Essar),21.1191,72.6405,1531000.0
25454926,Dongamahua Captive Power Plant,22.1279,83.5359,3062200.0
25454958,Hiranmaye Haldia power station,22.077,88.0984,1796600.0
25454963,Binjkote power station,22.0104,83.2058,3383100.0
25454969,Chandrapur Works power station,20.3694,78.8829,226840.0
25454970,Tulsyan Steel Gummidipoondi captive power station,13.4164,80.0569,396950.0
25454972,Paradip power station,20.3122,86.6458,680500.0
25454997,DLF SILOKHERA,24.8271,92.9737,26260.0
25455018,Khamberkhera IPP power station,28.0169,80.8305,342898.0
25455019,Barkhera IPP power station,28.4725,79.8069,352035.0
25455056,Ajmer power station,26.0739,74.385,1701500.0
25455057,KORBA SWASTIK,22.3005,82.7047,0.0
25455065,RANJANI MILL,18.5354,76.245,0.0
25455069,Parbhani Renuka power station,19.2679,76.4357,170150.0
25455070,CHITTAPUR CEMENT,17.1853,76.795,311910.0
25455071,Kutch Welspun power station,23.1175,70.0822,453660.0
25455072,Cuttack Works power station,20.5159,85.7231,623780.0
25455094,NITIN PLANT,25.2042,74.6092,62135.0
25455096,KOLHAPUR KUMBHI,16.689,74.1201,0.0
25455110,Cauvery Power Gummidipoondi captive power station,13.4232,80.0663,357270.0
25455114,SANKESHWAR MILL,16.2478,74.5003,0.0
25455117,Chunar Cement power station,25.0909,82.8973,215500.0
25455119,DURGAPUR RAMRUPAI,23.4827,87.3584,198490.0
25455120,Sidhi Cement Plant power station,24.3293,81.3287,878970.0
25455121,VARDHAM SATLAPUR,23.0752,77.5526,174380.0
25455122,Parbhani Gangakhed power station,18.9048,76.7275,0.0
25455124,Kalinganagar Maithan power station,20.9227,86.0424,170150.0
25455126,KM DODDI SUGAR,12.4806,77.0411,0.0
25455127,MUNOLI DISTILLERY,15.8555,75.1002,0.0
25455128,HAVALGA SUGAR,17.1202,76.4004,0.0
25455129,ATHANI SUGAR,16.7708,74.9191,0.0
25455130,VARDHAM BUDNI,22.7808,77.6515,146310.0
25455224,Dr. Shyama Prasad Mukherjee Thermal Power Station,22.3682,82.722,3454300.0
25455304,Barbil Jagannath power station,22.1327,85.383,170150.0
25455340,Rayagada Paper power station,19.2462,83.4124,311910.0
25455341,Bhadradri power station,18.0275,80.7356,5049300.0
25455403,New Neyveli Thermal Power Station,11.59,79.4542,6491900.0
25455420,KOLHAPUR HEMARUS,16.0327,74.4583,0.0
25455422,KAMAL SPONGE,24.6266,80.831,3793.9
25455424,SEWAGRAM CEMENT PLANT,23.4308,68.7125,326080.0
25455425,DAUND SUGAR,18.4271,74.6338,0.0
25455426,KOLHAPUR KAGAL,16.589,74.2993,0.0
25455428,GRACE INDUSTRIES,20.0058,79.1845,144280.0
25455429,CORE GREEN SUGAR,16.5471,77.0825,0.0
25455430,MUL GRETA,20.0805,79.7148,85063.0
25455431,Churk captive power station,24.6391,83.1011,1020750.0
25455432,RUNGTA KAMANDA,21.9295,85.2232,119736.0
25455433,KCSF SANGUR,14.7753,75.3131,0.0
25455434,KALLUR GRINDING,17.3821,77.4389,170150.0
25455435,SANGLI MIRAJ BIOMASS,16.9171,74.4821,0.0
25455445,MAHATMA SUGAR,20.8558,78.5814,0.0
25455447,YASHWANTRAO MOHITE,17.1653,74.2456,0.0
25455448,SHRI SHANKAR,17.8676,74.8405,0.0
25455449,TUNGABHADRA SUGAR,15.6609,76.8756,0.0
25455450,SHRI MALAPRABHA,15.6933,74.7162,0.0
25455451,SAHAKAR SHIROMANI,17.708,75.1361,0.0
25455452,VENUNAGAR SUGAR,17.7382,75.3218,0.0
25455453,SBT SUGAR,19.6125,74.1924,0.0
25455514,KALINGANAGAR STEEL,20.9736,86.0005,266850.0
25455621,DAHEJ COGEN,21.6863,72.5815,1054790.0
25455868,SABARMATI,23.0706,72.5939,2052900.0
25455870,WONDER CEMENT,24.6567,74.6359,460040.0
25455876,KCIL CAPTIVE,23.1717,70.1881,567750.0
25455877,Vizag Steel Plant power station,17.6176,83.1656,180680.0
40695792,Ghatampur power station,25.975,80.1889,3742700.0
40697975,Yadadri power station,16.7082,79.5812,0.0
41628795,Patratu JSEB power station,23.64,85.2931,0.0
41629035,Badarpur power station,28.5054,77.3074,0.0
41629037,RAJGHAT DELHI,28.6358,77.2542,0.0
41629489,Faridabad power station,28.3744,77.3055,673.24
41630272,GNDTP Bathinda power station,30.2339,74.9244,0.0
41630771,Ennore Thermal Power Station,13.198,80.3104,0.0
41630949,PANKI,26.4766,80.241,0.0
41631195,SAMAYANALLUR,9.9751,78.0445,0.0
41631361,SAMALPATTI,12.2995,78.4038,0.0
42304126,RVK ENERGY,15.3771,73.877,0.0
44369864,Kozhikode Diesel power station,11.2052,75.807,34111.0
44372618,Khurja power station,28.1583,77.9083,0.0
46885434,Adani Godda power station,24.8141,87.1355,9073100.0
49533912,Atul power station,20.5371,72.9333,476330.0
49534117,Hazira Gas Processing Complex Captive Power station,21.161,72.7394,54850.0
49699545,Saggonda power station,17.178,81.6114,187150.0
49699549,Ganeshpahad Cement power station,16.7196,79.6945,436660.0
49699728,Maadurga Thermal power station,20.5762,86.0207,340240.0
49699814,Sakthinagar Sugar Mill power station,11.4746,77.572,0.0
49700591,Jojobera Cement Plant power station,22.7531,86.2452,170150.0
49700593,Chandrapur (Assam) power station,26.1926,91.92,0.0
49700834,Narela Waste to Energy power station,28.7973,77.0671,0.0
49700835,GM Sugars power station,12.976,77.5791,0.0
49700841,Ambasamudram power station,8.7716,77.4722,0.0
49701371,Arag Sugar power station,16.8199,74.7824,0.0
49701372,Aranthangi Empee power station,10.2048,79.0097,0.0
49701373,Aranthangi 2 power station,10.2513,78.9638,0.0
49701374,Kothari Sugar Mill power station,11.0072,79.0838,0.0
49701377,Auro Pudukottai power station,10.4249,78.7782,0.0
49701379,Auro Tirunelveli power station,9.0352,77.5511,0.0
49701380,Balaji power station,14.5709,78.7891,0.0
49701439,Belgundi Biomass power station,15.8227,74.4118,0.0
49701441,Bidadi WtE power station,12.7984,77.4017,0.0
49701442,Bilai Mill Sugar power station,29.325,78.291,0.0
49701443,Baba Bakala Sugar power station,31.6427,75.2768,0.0
49701444,Chadha Sugar power station,31.7644,75.5308,0.0
49701446,Channu Biomass power station,30.1215,74.6146,0.0
49701448,Chittor SNJ power station,13.3247,79.3944,0.0
49701450,Clarion Biomass power station,15.3682,80.0388,0.0
49701451,Deoband Sugar power station,29.6759,77.6695,0.0
49701453,Chandanpur Cogen power station,28.5708,78.2901,0.0
49701454,Khatauli Mill power station,29.2746,77.7402,0.0
49701455,Milak Narayanpur power station,29.0316,78.9903,0.0
49701456,Sabitgarh power station,28.1963,78.0054,0.0
49701459,Deoli Biomass power station,20.6591,78.491,0.0
49701460,Dharani Sugar power station,12.3245,78.0739,0.0
49701461,Dokiparru Cogen power station,16.3091,80.3112,0.0
49701463,Durg Ecofren Biomass power station,21.1215,81.2553,0.0
49701464,Dwarikesh Dham Biomass power station,28.1566,79.5799,0.0
49701465,Dwarikesh Nagar power station,29.3762,78.6731,0.0
49701466,Dwarikesh Puram power station,29.5256,78.3847,0.0
49701467,Jalpur WtE power station,23.2136,79.9175,0.0
49701469,Ferozepur Biomass power station,30.8643,74.8331,0.0
49701470,Faridkot Biomass power station,30.4554,74.9375,0.0
49701471,Kaithal Biomass power station,29.9453,76.359,0.0
49701472,Jalkheri Biomass power station,30.4836,76.3367,0.0
49701473,Mandrella Biomass power station,28.2892,75.4308,0.0
49701474,Bikaner Biomass power station,27.6923,73.8219,0.0
49701475,Hanumangarh Biomass power station,29.0517,75.1324,0.0
49701476,Churu Biomass power station,28.5807,74.397,0.0
49701477,Sikhar Biomass power station,27.5168,74.9852,0.0
49701482,Vijayanagar Sugar power station,15.0876,75.8718,0.0
49701483,Ghanour Biomass power station,30.3493,76.6045,0.0
49701484,Ghazipur Biomass power station,25.5811,83.486,0.0
49701485,Ghazipur WtE power station,28.623,77.3242,0.0
49701491,Haveri Biomass power station,14.8107,75.6176,0.0
49701494,Isa Power Raipur power station,20.8744,81.6745,0.0
49701496,Jawaharnagar WtE power station,17.518,78.5867,0.0
49701497,Guntur WtE power station,16.2821,80.3404,0.0
49701498,Khajuri Biomass power station,21.7486,82.1748,0.0
49701504,Gowthami Biomass power plant,17.2486,80.1969,0.0
49701506,Madhucon Sugar power station,17.1323,80.007,0.0
49701507,Khas Biomass power station,22.2587,71.7078,0.0
49701508,Kinauni Mill power station,29.0497,77.4687,0.0
49701509,Kishanganj Biomass power station,25.0907,76.7852,0.0
49701510,Kolhapur Gaganbawda Biomass power station,16.5859,73.8804,0.0
49701511,Nandi Sahakari Sakkare Karkhane Niyamit power station,16.4494,75.4772,0.0
49701518,Makavalli Sugar power station,12.7008,76.4211,0.0
49701519,Mathura Usher Agro power station,27.7517,77.4868,0.0
49701520,Motinagar Mill power station,26.7052,82.1293,0.0
49701521,Mukhed Biomass power station,18.7367,77.4345,0.0
49701522,Raghu Rama power station,9.4777,78.5614,0.0
49701523,Murthal WtE power station,29.0648,77.1017,0.0
49701524,Naidupet Biomass power station,13.9585,79.8935,0.0
49701526,Naini Tissues power station,29.2003,78.8934,0.0
49701534,Nellikuppam Sugar power station,11.7711,79.6655,0.0
49701536,Neora Oil power station,21.5242,81.8103,0.0
49701537,Nigohi Sugar power station,28.0559,79.8709,0.0
49701538,Okhla WtE power station,28.5531,77.2794,0.0
49701539,Tehkhand WtE power station,28.5094,77.2807,0.0
49701541,Ponni Sugar power station,11.3428,77.758,0.0
49701548,Pollachi Gayatri Biomass power station,10.569,77.0055,0.0
49701549,Prathyusha Powergen Biomass power station,8.7435,77.6183,0.0
49701550,Purkhali Biomass power station,30.9309,76.6349,0.0
49701551,Rahon SEL Factory Biomass power station,31.0195,76.1279,0.0
49701552,Rajpura Distillery Biomass power station,30.4021,76.6664,0.0
49701554,Rupnagar Biomass power station,31.0364,76.5691,0.0
49701555,Sankili Sugar Biomass power station,18.5545,83.7399,0.0
49701556,Sharda Ambika power station,20.4996,79.3573,0.0
49701557,Sathyam Biomass power station,26.7556,73.9258,0.0
49701558,Sattur Biomass power station,9.2396,77.883,0.0
49701559,Seohara Avadh Sugar power station,29.1986,78.5839,0.0
49701560,Hargaon Avadh Sugar power station,27.7741,80.7293,0.0
49701561,Hata Avadh Sugar power station,26.7402,83.6927,0.0
49701568,Shahjanpur Paper power station,27.8423,79.8543,0.0
49701569,Shalivahana Wani Yavatmal power station,19.8393,79.0554,0.0
49701570,Shalivahana Nagpur power station,21.3977,79.2373,0.0
49701571,Shalivahana Nimidha power station,20.769,85.329,0.0
49701572,Shree Nakoda Ispat power station,21.3608,81.653,0.0
49701573,Shrigonda Sugar power station,18.59,74.621,0.0
49701574,Sidhwalia Sugar power station,26.332,84.6641,0.0
49701575,Sirohi Sambhav power station,24.8727,72.8383,0.0
49701576,TMC Daigar power station,19.148,73.0617,0.0
49701578,Vayunandana power station,20.1332,79.9427,0.0
49701579,Alathukombai Mill power station,11.4864,77.2715,0.0
49701580,Abohar Biomass power station,30.2368,74.3444,0.0
49701581,DSCL Ajbapur Sugar power station,27.7826,80.2022,0.0
49701582,Ajinkyatara Sugar power station,17.6247,74.0218,0.0
